name,subassembly,solid_count,volume_mm3,provenance
Crankcase_4x83mm_Bores,01_Housings,1,10307654.206,"MM01-9/01-12: 83 mm bores, 90 mm pitch, cast iron, no separate cylinder liners. Exterior and coolant paths reconstructed."
Main_Bearing_Cap_1,02_Cranktrain,1,53570.496,Reconstructed geometry; dimensions not OEM
Main_Bearing_1,02_Cranktrain,1,7614.09,MM01-11 five mains; journal diameters assumed
Main_Bearing_Cap_2,02_Cranktrain,1,53570.496,Reconstructed geometry; dimensions not OEM
Main_Bearing_2,02_Cranktrain,1,7614.09,MM01-11 five mains; journal diameters assumed
Main_Bearing_Cap_3,02_Cranktrain,1,53570.496,Reconstructed geometry; dimensions not OEM
Main_Bearing_3,02_Cranktrain,1,7614.09,MM01-11 five mains; journal diameters assumed
Main_Bearing_Cap_4,02_Cranktrain,1,53570.496,Reconstructed geometry; dimensions not OEM
Main_Bearing_4,02_Cranktrain,1,7614.09,MM01-11 five mains; journal diameters assumed
Main_Bearing_Cap_5,02_Cranktrain,1,53570.496,Reconstructed geometry; dimensions not OEM
Main_Bearing_5,02_Cranktrain,1,7614.09,MM01-11 five mains; journal diameters assumed
Wet_Oil_Sump,01_Housings,1,1369775.845,Reconstructed geometry; dimensions not OEM
Sump_Rim,01_Housings,1,197105.982,Reconstructed geometry; dimensions not OEM
Sump_Screw_215_-92,Fasteners,1,402.124,Reconstructed geometry; dimensions not OEM
Sump_Screw_215_92,Fasteners,1,402.124,Reconstructed geometry; dimensions not OEM
Sump_Screw_260_-92,Fasteners,1,402.124,Reconstructed geometry; dimensions not OEM
Sump_Screw_260_92,Fasteners,1,402.124,Reconstructed geometry; dimensions not OEM
Sump_Screw_305_-92,Fasteners,1,402.124,Reconstructed geometry; dimensions not OEM
Sump_Screw_305_92,Fasteners,1,402.124,Reconstructed geometry; dimensions not OEM
Sump_Screw_350_-92,Fasteners,1,402.124,Reconstructed geometry; dimensions not OEM
Sump_Screw_350_92,Fasteners,1,402.124,Reconstructed geometry; dimensions not OEM
Sump_Screw_395_-92,Fasteners,1,402.124,Reconstructed geometry; dimensions not OEM
Sump_Screw_395_92,Fasteners,1,402.124,Reconstructed geometry; dimensions not OEM
Sump_Screw_440_-92,Fasteners,1,402.124,Reconstructed geometry; dimensions not OEM
Sump_Screw_440_92,Fasteners,1,402.124,Reconstructed geometry; dimensions not OEM
Sump_Screw_485_-92,Fasteners,1,402.124,Reconstructed geometry; dimensions not OEM
Sump_Screw_485_92,Fasteners,1,402.124,Reconstructed geometry; dimensions not OEM
Sump_Screw_530_-92,Fasteners,1,402.124,Reconstructed geometry; dimensions not OEM
Sump_Screw_530_92,Fasteners,1,402.124,Reconstructed geometry; dimensions not OEM
Sump_Screw_575_-92,Fasteners,1,402.124,Reconstructed geometry; dimensions not OEM
Sump_Screw_575_92,Fasteners,1,402.124,Reconstructed geometry; dimensions not OEM
Cylinder_Head_16Valve_Injector_Ports,01_Housings,1,4865822.945,"MM01-12 aluminium head, 16 valves, central direct injectors; ports/seats reconstructed"
DOHC_Cover,01_Housings,1,758139.693,Reconstructed geometry; dimensions not OEM
Cover_Rib_270,01_Housings,1,8736.0,Reconstructed geometry; dimensions not OEM
Cover_Rib_360,01_Housings,1,8736.0,Reconstructed geometry; dimensions not OEM
Cover_Rib_450,01_Housings,1,8736.0,Reconstructed geometry; dimensions not OEM
Cover_Rib_540,01_Housings,1,8736.0,Reconstructed geometry; dimensions not OEM
HeadCover_Screw_01,Fasteners,1,351.858,Reconstructed geometry; dimensions not OEM
HeadCover_Screw_02,Fasteners,1,351.858,Reconstructed geometry; dimensions not OEM
HeadCover_Screw_03,Fasteners,1,351.858,Reconstructed geometry; dimensions not OEM
HeadCover_Screw_04,Fasteners,1,351.858,Reconstructed geometry; dimensions not OEM
HeadCover_Screw_05,Fasteners,1,351.858,Reconstructed geometry; dimensions not OEM
HeadCover_Screw_06,Fasteners,1,351.858,Reconstructed geometry; dimensions not OEM
HeadCover_Screw_07,Fasteners,1,351.858,Reconstructed geometry; dimensions not OEM
HeadCover_Screw_08,Fasteners,1,351.858,Reconstructed geometry; dimensions not OEM
HeadCover_Screw_09,Fasteners,1,351.858,Reconstructed geometry; dimensions not OEM
HeadCover_Screw_10,Fasteners,1,351.858,Reconstructed geometry; dimensions not OEM
HeadCover_Screw_11,Fasteners,1,351.858,Reconstructed geometry; dimensions not OEM
HeadCover_Screw_12,Fasteners,1,351.858,Reconstructed geometry; dimensions not OEM
Crankshaft_4Throws_5Mains,02_Cranktrain,1,1721423.523,"92 mm stroke fixes 46 mm throw. Journals, counterweights, oil holes assumed; MM Fig01-7 reference."
Piston_C1,02_Cranktrain,1,128525.822,"83 mm bore / 92 mm stroke. Diameter clearance, crown and pin size assumed; equivalent bowl volume matches 17.5:1."
Piston_Ring_C1_1,02_Cranktrain,1,441.593,Reconstructed geometry; dimensions not OEM
Piston_Ring_C1_2,02_Cranktrain,1,441.593,Reconstructed geometry; dimensions not OEM
Piston_Ring_C1_3,02_Cranktrain,1,441.593,Reconstructed geometry; dimensions not OEM
Wrist_Pin_C1,02_Cranktrain,1,15338.826,Reconstructed geometry; dimensions not OEM
Connecting_Rod_C1,02_Cranktrain,1,55240.943,147 mm joint-to-joint length is assumed; analytic slider-crank constraint preserves it at all frames
Piston_C2,02_Cranktrain,1,128525.822,"83 mm bore / 92 mm stroke. Diameter clearance, crown and pin size assumed; equivalent bowl volume matches 17.5:1."
Piston_Ring_C2_1,02_Cranktrain,1,441.593,Reconstructed geometry; dimensions not OEM
Piston_Ring_C2_2,02_Cranktrain,1,441.593,Reconstructed geometry; dimensions not OEM
Piston_Ring_C2_3,02_Cranktrain,1,441.593,Reconstructed geometry; dimensions not OEM
Wrist_Pin_C2,02_Cranktrain,1,15338.826,Reconstructed geometry; dimensions not OEM
Connecting_Rod_C2,02_Cranktrain,1,55240.943,147 mm joint-to-joint length is assumed; analytic slider-crank constraint preserves it at all frames
Piston_C3,02_Cranktrain,1,128525.822,"83 mm bore / 92 mm stroke. Diameter clearance, crown and pin size assumed; equivalent bowl volume matches 17.5:1."
Piston_Ring_C3_1,02_Cranktrain,1,441.593,Reconstructed geometry; dimensions not OEM
Piston_Ring_C3_2,02_Cranktrain,1,441.593,Reconstructed geometry; dimensions not OEM
Piston_Ring_C3_3,02_Cranktrain,1,441.593,Reconstructed geometry; dimensions not OEM
Wrist_Pin_C3,02_Cranktrain,1,15338.826,Reconstructed geometry; dimensions not OEM
Connecting_Rod_C3,02_Cranktrain,1,55240.943,147 mm joint-to-joint length is assumed; analytic slider-crank constraint preserves it at all frames
Piston_C4,02_Cranktrain,1,128525.822,"83 mm bore / 92 mm stroke. Diameter clearance, crown and pin size assumed; equivalent bowl volume matches 17.5:1."
Piston_Ring_C4_1,02_Cranktrain,1,441.593,Reconstructed geometry; dimensions not OEM
Piston_Ring_C4_2,02_Cranktrain,1,441.593,Reconstructed geometry; dimensions not OEM
Piston_Ring_C4_3,02_Cranktrain,1,441.593,Reconstructed geometry; dimensions not OEM
Wrist_Pin_C4,02_Cranktrain,1,15338.826,Reconstructed geometry; dimensions not OEM
Connecting_Rod_C4,02_Cranktrain,1,55240.943,147 mm joint-to-joint length is assumed; analytic slider-crank constraint preserves it at all frames
TVD_Mass_1,02_Cranktrain,1,247276.831,MM01-11 two-mass torsional damper; dimensions and stiffness undisclosed
TVD_Mass_2,02_Cranktrain,1,247276.831,MM01-11 two-mass torsional damper; dimensions and stiffness undisclosed
Gear_Input_100T,03_Reduction,1,208118.084,"3 gears and 1.69 ratio documented. Tooth counts, module and spur profile are demonstration geometry; OEM gears are helical."
Shaft_Input,03_Reduction,1,139386.811,Reconstructed geometry; dimensions not OEM
Gear_Idler_50T,03_Reduction,1,37321.932,"3 gears and 1.69 ratio documented. Tooth counts, module and spur profile are demonstration geometry; OEM gears are helical."
Shaft_Idler,03_Reduction,1,89052.685,Reconstructed geometry; dimensions not OEM
Gear_Output_169T,03_Reduction,1,631082.238,"3 gears and 1.69 ratio documented. Tooth counts, module and spur profile are demonstration geometry; OEM gears are helical."
Shaft_Output,03_Reduction,1,89052.685,Reconstructed geometry; dimensions not OEM
Gearbox_Cast_Case,01_Housings,1,2761419.133,MM Fig01-6 and IM Fig4.4.1 outline reference; contour/centre distances reconstructed
Gearbox_Rear_Rim,01_Housings,1,168523.125,Reconstructed geometry; dimensions not OEM
Gearcase_Screw_01,Fasteners,1,760.265,Reconstructed geometry; dimensions not OEM
Gearcase_Screw_02,Fasteners,1,760.265,Reconstructed geometry; dimensions not OEM
Gearcase_Screw_03,Fasteners,1,760.265,Reconstructed geometry; dimensions not OEM
Gearcase_Screw_04,Fasteners,1,760.265,Reconstructed geometry; dimensions not OEM
Gearcase_Screw_05,Fasteners,1,760.265,Reconstructed geometry; dimensions not OEM
Gearcase_Screw_06,Fasteners,1,760.265,Reconstructed geometry; dimensions not OEM
Gearcase_Screw_07,Fasteners,1,760.265,Reconstructed geometry; dimensions not OEM
Gearcase_Screw_08,Fasteners,1,760.265,Reconstructed geometry; dimensions not OEM
Gearcase_Screw_09,Fasteners,1,760.265,Reconstructed geometry; dimensions not OEM
Gearcase_Screw_10,Fasteners,1,760.265,Reconstructed geometry; dimensions not OEM
Gearcase_Screw_11,Fasteners,1,760.265,Reconstructed geometry; dimensions not OEM
Gearcase_Screw_12,Fasteners,1,760.265,Reconstructed geometry; dimensions not OEM
Propeller_Flange_6x12_75_PCD101_6,03_Reduction,1,161025.803,IM15.4 six 12.75 holes on 101.6 PCD; rim and centre bore reconstructed
Governor_Interface,04_Accessories,1,179661.401,Governor location/type interface from MM01-10; aircraft governor envelope schematic
Governor_Setpoint_Motor,04_Accessories,1,29556.104,Reconstructed geometry; dimensions not OEM
Mount_Front_Left,05_Installation,1,61423.222,IM Table6.1 datum position verified; rear pad/hole shapes reconstructed
Mount_Support_Front_Left,05_Installation,1,45762.99,Reconstructed geometry; dimensions not OEM
Mount_Front_Right,05_Installation,1,71263.222,IM Table6.1 datum position verified; rear pad/hole shapes reconstructed
Mount_Support_Front_Right,05_Installation,1,14717.568,Reconstructed geometry; dimensions not OEM
Mount_Rear_Left,05_Installation,1,71263.222,IM Table6.1 datum position verified; rear pad/hole shapes reconstructed
Mount_Support_Rear_Left,05_Installation,1,61770.103,Reconstructed geometry; dimensions not OEM
Mount_Rear_Right,05_Installation,1,71263.222,IM Table6.1 datum position verified; rear pad/hole shapes reconstructed
Mount_Support_Rear_Right,05_Installation,1,54658.537,Reconstructed geometry; dimensions not OEM
Camshaft_ChainDriven,06_Valvetrain,1,143752.998,MM01-12: each cam drives 1 intake + 1 exhaust per cylinder; lobe shapes approximate
Camshaft_GearDriven,06_Valvetrain,1,143752.998,MM01-12: each cam drives 1 intake + 1 exhaust per cylinder; lobe shapes approximate
Valve_C1_exhaust_1,06_Valvetrain,1,3832.68,16 valves documented; sizes/lift/seat arrangement reconstruction
Valve_Guide_C1_1,06_Valvetrain,1,1914.455,Reconstructed geometry; dimensions not OEM
Valve_Spring_C1_1,06_Valvetrain,1,694.51,"Generic 22 mm spring; animated axial compression, not a stress or contact solution"
Spring_Seat_C1_1,06_Valvetrain,1,311.897,Reconstructed geometry; dimensions not OEM
Spring_Retainer_C1_1,06_Valvetrain,1,431.969,Reconstructed geometry; dimensions not OEM
Follower_C1_1,06_Valvetrain,1,1265.0,Prescribed translating follower proxy; actual hydraulic roller contact not solved
Valve_C1_intake_2,06_Valvetrain,1,3832.68,16 valves documented; sizes/lift/seat arrangement reconstruction
Valve_Guide_C1_2,06_Valvetrain,1,1914.455,Reconstructed geometry; dimensions not OEM
Valve_Spring_C1_2,06_Valvetrain,1,694.51,"Generic 22 mm spring; animated axial compression, not a stress or contact solution"
Spring_Seat_C1_2,06_Valvetrain,1,311.897,Reconstructed geometry; dimensions not OEM
Spring_Retainer_C1_2,06_Valvetrain,1,431.969,Reconstructed geometry; dimensions not OEM
Follower_C1_2,06_Valvetrain,1,1265.0,Prescribed translating follower proxy; actual hydraulic roller contact not solved
Valve_C1_intake_3,06_Valvetrain,1,3832.68,16 valves documented; sizes/lift/seat arrangement reconstruction
Valve_Guide_C1_3,06_Valvetrain,1,1914.455,Reconstructed geometry; dimensions not OEM
Valve_Spring_C1_3,06_Valvetrain,1,694.51,"Generic 22 mm spring; animated axial compression, not a stress or contact solution"
Spring_Seat_C1_3,06_Valvetrain,1,311.897,Reconstructed geometry; dimensions not OEM
Spring_Retainer_C1_3,06_Valvetrain,1,431.969,Reconstructed geometry; dimensions not OEM
Follower_C1_3,06_Valvetrain,1,1265.0,Prescribed translating follower proxy; actual hydraulic roller contact not solved
Valve_C1_exhaust_4,06_Valvetrain,1,3832.68,16 valves documented; sizes/lift/seat arrangement reconstruction
Valve_Guide_C1_4,06_Valvetrain,1,1914.455,Reconstructed geometry; dimensions not OEM
Valve_Spring_C1_4,06_Valvetrain,1,694.51,"Generic 22 mm spring; animated axial compression, not a stress or contact solution"
Spring_Seat_C1_4,06_Valvetrain,1,311.897,Reconstructed geometry; dimensions not OEM
Spring_Retainer_C1_4,06_Valvetrain,1,431.969,Reconstructed geometry; dimensions not OEM
Follower_C1_4,06_Valvetrain,1,1265.0,Prescribed translating follower proxy; actual hydraulic roller contact not solved
Valve_C2_exhaust_1,06_Valvetrain,1,3832.68,16 valves documented; sizes/lift/seat arrangement reconstruction
Valve_Guide_C2_1,06_Valvetrain,1,1914.455,Reconstructed geometry; dimensions not OEM
Valve_Spring_C2_1,06_Valvetrain,1,694.51,"Generic 22 mm spring; animated axial compression, not a stress or contact solution"
Spring_Seat_C2_1,06_Valvetrain,1,311.897,Reconstructed geometry; dimensions not OEM
Spring_Retainer_C2_1,06_Valvetrain,1,431.969,Reconstructed geometry; dimensions not OEM
Follower_C2_1,06_Valvetrain,1,1265.0,Prescribed translating follower proxy; actual hydraulic roller contact not solved
Valve_C2_intake_2,06_Valvetrain,1,3832.68,16 valves documented; sizes/lift/seat arrangement reconstruction
Valve_Guide_C2_2,06_Valvetrain,1,1914.455,Reconstructed geometry; dimensions not OEM
Valve_Spring_C2_2,06_Valvetrain,1,694.51,"Generic 22 mm spring; animated axial compression, not a stress or contact solution"
Spring_Seat_C2_2,06_Valvetrain,1,311.897,Reconstructed geometry; dimensions not OEM
Spring_Retainer_C2_2,06_Valvetrain,1,431.969,Reconstructed geometry; dimensions not OEM
Follower_C2_2,06_Valvetrain,1,1265.0,Prescribed translating follower proxy; actual hydraulic roller contact not solved
Valve_C2_intake_3,06_Valvetrain,1,3832.68,16 valves documented; sizes/lift/seat arrangement reconstruction
Valve_Guide_C2_3,06_Valvetrain,1,1914.455,Reconstructed geometry; dimensions not OEM
Valve_Spring_C2_3,06_Valvetrain,1,694.51,"Generic 22 mm spring; animated axial compression, not a stress or contact solution"
Spring_Seat_C2_3,06_Valvetrain,1,311.897,Reconstructed geometry; dimensions not OEM
Spring_Retainer_C2_3,06_Valvetrain,1,431.969,Reconstructed geometry; dimensions not OEM
Follower_C2_3,06_Valvetrain,1,1265.0,Prescribed translating follower proxy; actual hydraulic roller contact not solved
Valve_C2_exhaust_4,06_Valvetrain,1,3832.68,16 valves documented; sizes/lift/seat arrangement reconstruction
Valve_Guide_C2_4,06_Valvetrain,1,1914.455,Reconstructed geometry; dimensions not OEM
Valve_Spring_C2_4,06_Valvetrain,1,694.51,"Generic 22 mm spring; animated axial compression, not a stress or contact solution"
Spring_Seat_C2_4,06_Valvetrain,1,311.897,Reconstructed geometry; dimensions not OEM
Spring_Retainer_C2_4,06_Valvetrain,1,431.969,Reconstructed geometry; dimensions not OEM
Follower_C2_4,06_Valvetrain,1,1265.0,Prescribed translating follower proxy; actual hydraulic roller contact not solved
Valve_C3_exhaust_1,06_Valvetrain,1,3832.68,16 valves documented; sizes/lift/seat arrangement reconstruction
Valve_Guide_C3_1,06_Valvetrain,1,1914.455,Reconstructed geometry; dimensions not OEM
Valve_Spring_C3_1,06_Valvetrain,1,694.51,"Generic 22 mm spring; animated axial compression, not a stress or contact solution"
Spring_Seat_C3_1,06_Valvetrain,1,311.897,Reconstructed geometry; dimensions not OEM
Spring_Retainer_C3_1,06_Valvetrain,1,431.969,Reconstructed geometry; dimensions not OEM
Follower_C3_1,06_Valvetrain,1,1265.0,Prescribed translating follower proxy; actual hydraulic roller contact not solved
Valve_C3_intake_2,06_Valvetrain,1,3832.68,16 valves documented; sizes/lift/seat arrangement reconstruction
Valve_Guide_C3_2,06_Valvetrain,1,1914.455,Reconstructed geometry; dimensions not OEM
Valve_Spring_C3_2,06_Valvetrain,1,694.51,"Generic 22 mm spring; animated axial compression, not a stress or contact solution"
Spring_Seat_C3_2,06_Valvetrain,1,311.897,Reconstructed geometry; dimensions not OEM
Spring_Retainer_C3_2,06_Valvetrain,1,431.969,Reconstructed geometry; dimensions not OEM
Follower_C3_2,06_Valvetrain,1,1265.0,Prescribed translating follower proxy; actual hydraulic roller contact not solved
Valve_C3_intake_3,06_Valvetrain,1,3832.68,16 valves documented; sizes/lift/seat arrangement reconstruction
Valve_Guide_C3_3,06_Valvetrain,1,1914.455,Reconstructed geometry; dimensions not OEM
Valve_Spring_C3_3,06_Valvetrain,1,694.51,"Generic 22 mm spring; animated axial compression, not a stress or contact solution"
Spring_Seat_C3_3,06_Valvetrain,1,311.897,Reconstructed geometry; dimensions not OEM
Spring_Retainer_C3_3,06_Valvetrain,1,431.969,Reconstructed geometry; dimensions not OEM
Follower_C3_3,06_Valvetrain,1,1265.0,Prescribed translating follower proxy; actual hydraulic roller contact not solved
Valve_C3_exhaust_4,06_Valvetrain,1,3832.68,16 valves documented; sizes/lift/seat arrangement reconstruction
Valve_Guide_C3_4,06_Valvetrain,1,1914.455,Reconstructed geometry; dimensions not OEM
Valve_Spring_C3_4,06_Valvetrain,1,694.51,"Generic 22 mm spring; animated axial compression, not a stress or contact solution"
Spring_Seat_C3_4,06_Valvetrain,1,311.897,Reconstructed geometry; dimensions not OEM
Spring_Retainer_C3_4,06_Valvetrain,1,431.969,Reconstructed geometry; dimensions not OEM
Follower_C3_4,06_Valvetrain,1,1265.0,Prescribed translating follower proxy; actual hydraulic roller contact not solved
Valve_C4_exhaust_1,06_Valvetrain,1,3832.68,16 valves documented; sizes/lift/seat arrangement reconstruction
Valve_Guide_C4_1,06_Valvetrain,1,1914.455,Reconstructed geometry; dimensions not OEM
Valve_Spring_C4_1,06_Valvetrain,1,694.51,"Generic 22 mm spring; animated axial compression, not a stress or contact solution"
Spring_Seat_C4_1,06_Valvetrain,1,311.897,Reconstructed geometry; dimensions not OEM
Spring_Retainer_C4_1,06_Valvetrain,1,431.969,Reconstructed geometry; dimensions not OEM
Follower_C4_1,06_Valvetrain,1,1265.0,Prescribed translating follower proxy; actual hydraulic roller contact not solved
Valve_C4_intake_2,06_Valvetrain,1,3832.68,16 valves documented; sizes/lift/seat arrangement reconstruction
Valve_Guide_C4_2,06_Valvetrain,1,1914.455,Reconstructed geometry; dimensions not OEM
Valve_Spring_C4_2,06_Valvetrain,1,694.51,"Generic 22 mm spring; animated axial compression, not a stress or contact solution"
Spring_Seat_C4_2,06_Valvetrain,1,311.897,Reconstructed geometry; dimensions not OEM
Spring_Retainer_C4_2,06_Valvetrain,1,431.969,Reconstructed geometry; dimensions not OEM
Follower_C4_2,06_Valvetrain,1,1265.0,Prescribed translating follower proxy; actual hydraulic roller contact not solved
Valve_C4_intake_3,06_Valvetrain,1,3832.68,16 valves documented; sizes/lift/seat arrangement reconstruction
Valve_Guide_C4_3,06_Valvetrain,1,1914.455,Reconstructed geometry; dimensions not OEM
Valve_Spring_C4_3,06_Valvetrain,1,694.51,"Generic 22 mm spring; animated axial compression, not a stress or contact solution"
Spring_Seat_C4_3,06_Valvetrain,1,311.897,Reconstructed geometry; dimensions not OEM
Spring_Retainer_C4_3,06_Valvetrain,1,431.969,Reconstructed geometry; dimensions not OEM
Follower_C4_3,06_Valvetrain,1,1265.0,Prescribed translating follower proxy; actual hydraulic roller contact not solved
Valve_C4_exhaust_4,06_Valvetrain,1,3832.68,16 valves documented; sizes/lift/seat arrangement reconstruction
Valve_Guide_C4_4,06_Valvetrain,1,1914.455,Reconstructed geometry; dimensions not OEM
Valve_Spring_C4_4,06_Valvetrain,1,694.51,"Generic 22 mm spring; animated axial compression, not a stress or contact solution"
Spring_Seat_C4_4,06_Valvetrain,1,311.897,Reconstructed geometry; dimensions not OEM
Spring_Retainer_C4_4,06_Valvetrain,1,431.969,Reconstructed geometry; dimensions not OEM
Follower_C4_4,06_Valvetrain,1,1265.0,Prescribed translating follower proxy; actual hydraulic roller contact not solved
Cam_Bearing_Cap_-1_0,06_Valvetrain,1,5877.148,Reconstructed geometry; dimensions not OEM
CamCap_Bolt_-1_0_01,Fasteners,1,78.54,Reconstructed geometry; dimensions not OEM
CamCap_Bolt_-1_0_02,Fasteners,1,78.54,Reconstructed geometry; dimensions not OEM
Cam_Bearing_Cap_-1_1,06_Valvetrain,1,5877.148,Reconstructed geometry; dimensions not OEM
CamCap_Bolt_-1_1_01,Fasteners,1,78.54,Reconstructed geometry; dimensions not OEM
CamCap_Bolt_-1_1_02,Fasteners,1,78.54,Reconstructed geometry; dimensions not OEM
Cam_Bearing_Cap_-1_2,06_Valvetrain,1,5877.148,Reconstructed geometry; dimensions not OEM
CamCap_Bolt_-1_2_01,Fasteners,1,78.54,Reconstructed geometry; dimensions not OEM
CamCap_Bolt_-1_2_02,Fasteners,1,78.54,Reconstructed geometry; dimensions not OEM
Cam_Bearing_Cap_-1_3,06_Valvetrain,1,5877.148,Reconstructed geometry; dimensions not OEM
CamCap_Bolt_-1_3_01,Fasteners,1,78.54,Reconstructed geometry; dimensions not OEM
CamCap_Bolt_-1_3_02,Fasteners,1,78.54,Reconstructed geometry; dimensions not OEM
Cam_Bearing_Cap_-1_4,06_Valvetrain,1,5877.148,Reconstructed geometry; dimensions not OEM
CamCap_Bolt_-1_4_01,Fasteners,1,78.54,Reconstructed geometry; dimensions not OEM
CamCap_Bolt_-1_4_02,Fasteners,1,78.54,Reconstructed geometry; dimensions not OEM
Cam_Bearing_Cap_1_0,06_Valvetrain,1,5877.148,Reconstructed geometry; dimensions not OEM
CamCap_Bolt_1_0_01,Fasteners,1,78.54,Reconstructed geometry; dimensions not OEM
CamCap_Bolt_1_0_02,Fasteners,1,78.54,Reconstructed geometry; dimensions not OEM
Cam_Bearing_Cap_1_1,06_Valvetrain,1,5877.148,Reconstructed geometry; dimensions not OEM
CamCap_Bolt_1_1_01,Fasteners,1,78.54,Reconstructed geometry; dimensions not OEM
CamCap_Bolt_1_1_02,Fasteners,1,78.54,Reconstructed geometry; dimensions not OEM
Cam_Bearing_Cap_1_2,06_Valvetrain,1,5877.148,Reconstructed geometry; dimensions not OEM
CamCap_Bolt_1_2_01,Fasteners,1,78.54,Reconstructed geometry; dimensions not OEM
CamCap_Bolt_1_2_02,Fasteners,1,78.54,Reconstructed geometry; dimensions not OEM
Cam_Bearing_Cap_1_3,06_Valvetrain,1,5877.148,Reconstructed geometry; dimensions not OEM
CamCap_Bolt_1_3_01,Fasteners,1,78.54,Reconstructed geometry; dimensions not OEM
CamCap_Bolt_1_3_02,Fasteners,1,78.54,Reconstructed geometry; dimensions not OEM
Cam_Bearing_Cap_1_4,06_Valvetrain,1,5877.148,Reconstructed geometry; dimensions not OEM
CamCap_Bolt_1_4_01,Fasteners,1,78.54,Reconstructed geometry; dimensions not OEM
CamCap_Bolt_1_4_02,Fasteners,1,78.54,Reconstructed geometry; dimensions not OEM
Cam_DriveGear_-30_24T,06_Valvetrain,1,30235.023,Direct 1:1 counter-rotation verified; 24 teeth/module 2.5 assumed
Cam_DriveGear_30_24T,06_Valvetrain,1,30235.023,Direct 1:1 counter-rotation verified; 24 teeth/module 2.5 assumed
Timing_Sprocket_Crank_20T,06_Valvetrain,1,5841.988,"20:40 sprocket topology; 5 mm pitch and tooth cuts assumed, chain engagement not validated"
Timing_Sprocket_Cam_40T,06_Valvetrain,1,33793.551,"20:40 sprocket topology; 5 mm pitch and tooth cuts assumed, chain engagement not validated"
Double_Timing_Chain_-3.5,06_Valvetrain,1,15698.94,Double-chain path schematic; sprocket pitch and chain motion not modelled
Double_Timing_Chain_3.5,06_Valvetrain,1,15698.94,Double-chain path schematic; sprocket pitch and chain motion not modelled
Timing_Guide_-62,06_Valvetrain,1,19006.636,Reconstructed geometry; dimensions not OEM
Timing_Guide_21,06_Valvetrain,1,19399.335,Reconstructed geometry; dimensions not OEM
Chain_Tensioner_Concept,06_Valvetrain,1,18095.574,Reconstructed geometry; dimensions not OEM
Intake_Plenum,07_Air_Exhaust,1,440261.414,Reconstructed geometry; dimensions not OEM
Intake_Runner_C1,07_Air_Exhaust,1,26336.766,Reconstructed geometry; dimensions not OEM
Intake_Runner_C2,07_Air_Exhaust,1,26336.766,Reconstructed geometry; dimensions not OEM
Intake_Runner_C3,07_Air_Exhaust,1,26336.766,Reconstructed geometry; dimensions not OEM
Intake_Runner_C4,07_Air_Exhaust,1,26336.766,Reconstructed geometry; dimensions not OEM
Exhaust_Plenum,07_Air_Exhaust,1,440261.414,Reconstructed geometry; dimensions not OEM
Exhaust_Runner_C1,07_Air_Exhaust,1,26336.766,Reconstructed geometry; dimensions not OEM
Exhaust_Runner_C2,07_Air_Exhaust,1,26336.766,Reconstructed geometry; dimensions not OEM
Exhaust_Runner_C3,07_Air_Exhaust,1,26336.766,Reconstructed geometry; dimensions not OEM
Exhaust_Runner_C4,07_Air_Exhaust,1,26336.766,Reconstructed geometry; dimensions not OEM
HighPressure_Common_Rail,08_Fuel,1,215638.92,Reconstructed geometry; dimensions not OEM
Injector_C1,08_Fuel,1,32291.154,MM01-12/15 central direct injection; injector shape/nozzle internal geometry unknown
Injection_Pipe_C1,08_Fuel,1,2486.831,Reconstructed geometry; dimensions not OEM
Glow_Plug_C1,08_Fuel,1,2693.916,Reconstructed geometry; dimensions not OEM
Injector_C2,08_Fuel,1,32291.154,MM01-12/15 central direct injection; injector shape/nozzle internal geometry unknown
Injection_Pipe_C2,08_Fuel,1,2486.831,Reconstructed geometry; dimensions not OEM
Glow_Plug_C2,08_Fuel,1,2693.916,Reconstructed geometry; dimensions not OEM
Injector_C3,08_Fuel,1,32291.154,MM01-12/15 central direct injection; injector shape/nozzle internal geometry unknown
Injection_Pipe_C3,08_Fuel,1,2486.831,Reconstructed geometry; dimensions not OEM
Glow_Plug_C3,08_Fuel,1,2693.916,Reconstructed geometry; dimensions not OEM
Injector_C4,08_Fuel,1,32291.154,MM01-12/15 central direct injection; injector shape/nozzle internal geometry unknown
Injection_Pipe_C4,08_Fuel,1,2486.831,Reconstructed geometry; dimensions not OEM
Glow_Plug_C4,08_Fuel,1,2693.916,Reconstructed geometry; dimensions not OEM
HighPressure_Pump,08_Fuel,1,394338.634,Reconstructed geometry; dimensions not OEM
Fuel_Metering_Unit,08_Fuel,1,31808.626,Reconstructed geometry; dimensions not OEM
Rail_Pressure_Control_Valve,08_Fuel,1,25861.591,Reconstructed geometry; dimensions not OEM
Turbo_Compressor_Volute,07_Air_Exhaust,1,193523.203,Reconstructed geometry; dimensions not OEM
Turbo_Turbine_Volute,07_Air_Exhaust,1,193523.203,Reconstructed geometry; dimensions not OEM
Turbo_Bearing_Core,07_Air_Exhaust,1,171907.95,Reconstructed geometry; dimensions not OEM
Turbo_Inlet_60_4_ID,07_Air_Exhaust,1,35394.942,IM8.4.1 60.4 ID / 70 OD; placement reconstructed
Wastegate_Actuator,07_Air_Exhaust,1,72382.295,Reconstructed geometry; dimensions not OEM
Wastegate_Link,07_Air_Exhaust,1,1745.697,Reconstructed geometry; dimensions not OEM
Alternator_Housing,04_Accessories,1,322892.642,Reconstructed geometry; dimensions not OEM
Alternator_Endcap,04_Accessories,1,74723.661,Reconstructed geometry; dimensions not OEM
Alternator_Pulley,04_Accessories,1,21494.526,Illustrative belt drive ratio from assumed pulley radii; not OEM accessory RPM
Alternator_Rotor_Shaft,04_Accessories,1,16933.184,Reconstructed geometry; dimensions not OEM
Alternator_TieRod_0,Fasteners,1,1924.226,Reconstructed geometry; dimensions not OEM
Alternator_TieRod_1,Fasteners,1,1924.226,Reconstructed geometry; dimensions not OEM
Alternator_TieRod_2,Fasteners,1,1924.226,Reconstructed geometry; dimensions not OEM
Alternator_TieRod_3,Fasteners,1,1924.226,Reconstructed geometry; dimensions not OEM
Alternator_TieRod_4,Fasteners,1,1924.226,Reconstructed geometry; dimensions not OEM
Alternator_TieRod_5,Fasteners,1,1924.226,Reconstructed geometry; dimensions not OEM
Alternator_TieRod_6,Fasteners,1,1924.226,Reconstructed geometry; dimensions not OEM
Alternator_TieRod_7,Fasteners,1,1924.226,Reconstructed geometry; dimensions not OEM
Water_Pump_Housing,04_Accessories,1,102227.174,Reconstructed geometry; dimensions not OEM
Water_Pump_Endcap,04_Accessories,1,33103.841,Reconstructed geometry; dimensions not OEM
Water_Pump_Pulley,04_Accessories,1,34613.817,Illustrative belt drive ratio from assumed pulley radii; not OEM accessory RPM
Water_Pump_Rotor_Shaft,04_Accessories,1,10467.787,Reconstructed geometry; dimensions not OEM
Water_Pump_TieRod_0,Fasteners,1,824.668,Reconstructed geometry; dimensions not OEM
Water_Pump_TieRod_1,Fasteners,1,824.668,Reconstructed geometry; dimensions not OEM
Water_Pump_TieRod_2,Fasteners,1,824.668,Reconstructed geometry; dimensions not OEM
Water_Pump_TieRod_3,Fasteners,1,824.668,Reconstructed geometry; dimensions not OEM
Water_Pump_TieRod_4,Fasteners,1,824.668,Reconstructed geometry; dimensions not OEM
Water_Pump_TieRod_5,Fasteners,1,824.668,Reconstructed geometry; dimensions not OEM
Water_Pump_TieRod_6,Fasteners,1,824.668,Reconstructed geometry; dimensions not OEM
Water_Pump_TieRod_7,Fasteners,1,824.668,Reconstructed geometry; dimensions not OEM
Starter_Housing,04_Accessories,1,262307.279,Reconstructed geometry; dimensions not OEM
Starter_Endcap,04_Accessories,1,30787.608,Reconstructed geometry; dimensions not OEM
Starter_Pinion_Parked,04_Accessories,1,3388.855,"Starter is parked, not continuously driven; clutch/engagement mechanism schematic"
Starter_Solenoid,04_Accessories,1,63108.313,Reconstructed geometry; dimensions not OEM
Starter_TieRod_0,Fasteners,1,3043.418,Reconstructed geometry; dimensions not OEM
Starter_TieRod_1,Fasteners,1,3043.418,Reconstructed geometry; dimensions not OEM
Starter_TieRod_2,Fasteners,1,3043.418,Reconstructed geometry; dimensions not OEM
Starter_TieRod_3,Fasteners,1,3043.418,Reconstructed geometry; dimensions not OEM
Starter_TieRod_4,Fasteners,1,3043.418,Reconstructed geometry; dimensions not OEM
Starter_TieRod_5,Fasteners,1,3043.418,Reconstructed geometry; dimensions not OEM
Starter_TieRod_6,Fasteners,1,3043.418,Reconstructed geometry; dimensions not OEM
Starter_TieRod_7,Fasteners,1,3043.418,Reconstructed geometry; dimensions not OEM
Crank_Accessory_Pulley,04_Accessories,1,76580.468,Reconstructed geometry; dimensions not OEM
Rear_Crank_Extension_Concept,04_Accessories,1,10687.698,Reconstructed geometry; dimensions not OEM
Rear_Accessory_Belt_Path,04_Accessories,1,35270.68,MM01-12 rear V-ribbed drive topology; belt section/path approximate and static
Oil_Filter,09_Fluids,1,369953.951,Reconstructed geometry; dimensions not OEM
Oil_Filter_Cap,09_Fluids,1,29053.449,Reconstructed geometry; dimensions not OEM
Oil_Cooler,09_Fluids,1,240331.838,Reconstructed geometry; dimensions not OEM
Oil_Cooler_Cap,09_Fluids,1,25735.927,Reconstructed geometry; dimensions not OEM
Thermostat,09_Fluids,1,99525.655,Reconstructed geometry; dimensions not OEM
Thermostat_Cap,09_Fluids,1,16989.733,Reconstructed geometry; dimensions not OEM
Coolant_Hose,09_Fluids,1,148043.196,Reconstructed geometry; dimensions not OEM
Oil_Filter_Feed,09_Fluids,1,19599.339,Reconstructed geometry; dimensions not OEM
Boss_BPS1,10_OEM_Sensors,1,1957.841,MM01-24/25 sensor inventory; proposed CAD location
Sensor_BPS1,10_OEM_Sensors,1,9920.314,MM01-24/25 sensor inventory; proposed CAD location
Boss_IAT1,10_OEM_Sensors,1,1957.841,MM01-24/25 sensor inventory; proposed CAD location
Sensor_IAT1,10_OEM_Sensors,1,5896.575,MM01-24/25 sensor inventory; proposed CAD location
Boss_CRS1,10_OEM_Sensors,1,1957.841,MM01-24/25 sensor inventory; proposed CAD location
Sensor_CRS1,10_OEM_Sensors,1,9119.018,MM01-24/25 sensor inventory; proposed CAD location
Boss_CAS1,10_OEM_Sensors,1,1957.841,MM01-24/25 sensor inventory; proposed CAD location
Sensor_CAS1,10_OEM_Sensors,1,9119.018,MM01-24/25 sensor inventory; proposed CAD location
Boss_BPS2,10_OEM_Sensors,1,1957.841,MM01-24/25 sensor inventory; proposed CAD location
Sensor_BPS2,10_OEM_Sensors,1,9920.314,MM01-24/25 sensor inventory; proposed CAD location
Boss_IAT2,10_OEM_Sensors,1,1957.841,MM01-24/25 sensor inventory; proposed CAD location
Sensor_IAT2,10_OEM_Sensors,1,5896.575,MM01-24/25 sensor inventory; proposed CAD location
Boss_CRS2,10_OEM_Sensors,1,1957.841,MM01-24/25 sensor inventory; proposed CAD location
Sensor_CRS2,10_OEM_Sensors,1,9119.018,MM01-24/25 sensor inventory; proposed CAD location
Boss_CAS2,10_OEM_Sensors,1,1957.841,MM01-24/25 sensor inventory; proposed CAD location
Sensor_CAS2,10_OEM_Sensors,1,9119.018,MM01-24/25 sensor inventory; proposed CAD location
Boss_RPS,10_OEM_Sensors,1,1957.841,MM01-24/25 sensor inventory; proposed CAD location
Sensor_RPS,10_OEM_Sensors,1,9920.314,MM01-24/25 sensor inventory; proposed CAD location
Boss_FPS,10_OEM_Sensors,1,1957.841,MM01-24/25 sensor inventory; proposed CAD location
Sensor_FPS,10_OEM_Sensors,1,9920.314,MM01-24/25 sensor inventory; proposed CAD location
Boss_FTS,10_OEM_Sensors,1,1957.841,MM01-24/25 sensor inventory; proposed CAD location
Sensor_FTS,10_OEM_Sensors,1,5896.575,MM01-24/25 sensor inventory; proposed CAD location
Boss_CTS,10_OEM_Sensors,1,1957.841,MM01-24/25 sensor inventory; proposed CAD location
Sensor_CTS,10_OEM_Sensors,1,5896.575,MM01-24/25 sensor inventory; proposed CAD location
Boss_OPS,10_OEM_Sensors,1,1957.841,MM01-24/25 sensor inventory; proposed CAD location
Sensor_OPS,10_OEM_Sensors,1,9920.314,MM01-24/25 sensor inventory; proposed CAD location
Boss_MOK,10_OEM_Sensors,1,1957.841,MM01-24/25 sensor inventory; proposed CAD location
Sensor_MOK,10_OEM_Sensors,1,13884.973,MM01-24/25 sensor inventory; proposed CAD location
Boss_GBTS,10_OEM_Sensors,1,1957.841,MM01-24/25 sensor inventory; proposed CAD location
Sensor_GBTS,10_OEM_Sensors,1,5896.575,MM01-24/25 sensor inventory; proposed CAD location
Boss_EGT_C1,11_SIH_Additions,1,1957.841,MM01-24/25 sensor inventory; proposed CAD location
Sensor_EGT_C1,11_SIH_Additions,1,2381.04,MM01-24/25 sensor inventory; proposed CAD location
Boss_CHT_C1,11_SIH_Additions,1,1957.841,MM01-24/25 sensor inventory; proposed CAD location
Sensor_CHT_C1,11_SIH_Additions,1,2381.04,MM01-24/25 sensor inventory; proposed CAD location
Boss_EGT_C2,11_SIH_Additions,1,1957.841,MM01-24/25 sensor inventory; proposed CAD location
Sensor_EGT_C2,11_SIH_Additions,1,2381.04,MM01-24/25 sensor inventory; proposed CAD location
Boss_CHT_C2,11_SIH_Additions,1,1957.841,MM01-24/25 sensor inventory; proposed CAD location
Sensor_CHT_C2,11_SIH_Additions,1,2381.04,MM01-24/25 sensor inventory; proposed CAD location
Boss_EGT_C3,11_SIH_Additions,1,1957.841,MM01-24/25 sensor inventory; proposed CAD location
Sensor_EGT_C3,11_SIH_Additions,1,2381.04,MM01-24/25 sensor inventory; proposed CAD location
Boss_CHT_C3,11_SIH_Additions,1,1957.841,MM01-24/25 sensor inventory; proposed CAD location
Sensor_CHT_C3,11_SIH_Additions,1,2381.04,MM01-24/25 sensor inventory; proposed CAD location
Boss_EGT_C4,11_SIH_Additions,1,1957.841,MM01-24/25 sensor inventory; proposed CAD location
Sensor_EGT_C4,11_SIH_Additions,1,2381.04,MM01-24/25 sensor inventory; proposed CAD location
Boss_CHT_C4,11_SIH_Additions,1,1957.841,MM01-24/25 sensor inventory; proposed CAD location
Sensor_CHT_C4,11_SIH_Additions,1,2381.04,MM01-24/25 sensor inventory; proposed CAD location
Bracket_VIB_Block,11_SIH_Additions,1,3913.699,Reconstructed geometry; dimensions not OEM
Boss_VIB_Block,11_SIH_Additions,1,1957.841,MM01-24/25 sensor inventory; proposed CAD location
Sensor_VIB_Block,11_SIH_Additions,1,7005.31,MM01-24/25 sensor inventory; proposed CAD location
Bracket_VIB_Gearbox,11_SIH_Additions,1,3913.699,Reconstructed geometry; dimensions not OEM
Boss_VIB_Gearbox,11_SIH_Additions,1,1957.841,MM01-24/25 sensor inventory; proposed CAD location
Sensor_VIB_Gearbox,11_SIH_Additions,1,7005.31,MM01-24/25 sensor inventory; proposed CAD location
Boss_FuelFlow,11_SIH_Additions,1,1957.841,MM01-24/25 sensor inventory; proposed CAD location
Sensor_FuelFlow,11_SIH_Additions,1,19787.176,MM01-24/25 sensor inventory; proposed CAD location
Boss_Alternator_Current,11_SIH_Additions,1,1957.841,MM01-24/25 sensor inventory; proposed CAD location
Sensor_Alternator_Current,11_SIH_Additions,1,8907.247,MM01-24/25 sensor inventory; proposed CAD location
Boss_CTS_GPC,10_OEM_Sensors,1,1957.841,"MM71-5/PDF109 B50/6 CTS_GPC; missing in R3, generic temperature probe shape"
Sensor_CTS_GPC,10_OEM_Sensors,1,5896.575,"MM71-5/PDF109 B50/6 CTS_GPC; missing in R3, generic temperature probe shape"
EECU_Main_Shell,14_EECU,1,505732.606,IM14.7.1/Fig14.7 PDF81. Controlled plan/height/pitch; remaining details reconstructed. Position is exploded aircraft-side placement.
EECU_Backplate_6xM4_Envelope,14_EECU,1,376319.389,IM14.7.1/Fig14.7 PDF81. Controlled plan/height/pitch; remaining details reconstructed. Position is exploded aircraft-side placement. Six M4x6 mounting holes documented; hole coordinates and thread envelopes assumed.
EECU_Heat_Fin_01,14_EECU,1,1668.0,IM14.7.1/Fig14.7 PDF81. Controlled plan/height/pitch; remaining details reconstructed. Position is exploded aircraft-side placement.
EECU_Heat_Fin_02,14_EECU,1,1668.0,IM14.7.1/Fig14.7 PDF81. Controlled plan/height/pitch; remaining details reconstructed. Position is exploded aircraft-side placement.
EECU_Heat_Fin_03,14_EECU,1,1668.0,IM14.7.1/Fig14.7 PDF81. Controlled plan/height/pitch; remaining details reconstructed. Position is exploded aircraft-side placement.
EECU_Heat_Fin_04,14_EECU,1,1668.0,IM14.7.1/Fig14.7 PDF81. Controlled plan/height/pitch; remaining details reconstructed. Position is exploded aircraft-side placement.
EECU_Heat_Fin_05,14_EECU,1,1668.0,IM14.7.1/Fig14.7 PDF81. Controlled plan/height/pitch; remaining details reconstructed. Position is exploded aircraft-side placement.
EECU_Heat_Fin_06,14_EECU,1,1668.0,IM14.7.1/Fig14.7 PDF81. Controlled plan/height/pitch; remaining details reconstructed. Position is exploded aircraft-side placement.
EECU_Heat_Fin_07,14_EECU,1,1668.0,IM14.7.1/Fig14.7 PDF81. Controlled plan/height/pitch; remaining details reconstructed. Position is exploded aircraft-side placement.
EECU_Heat_Fin_08,14_EECU,1,1668.0,IM14.7.1/Fig14.7 PDF81. Controlled plan/height/pitch; remaining details reconstructed. Position is exploded aircraft-side placement.
EECU_Heat_Fin_09,14_EECU,1,1668.0,IM14.7.1/Fig14.7 PDF81. Controlled plan/height/pitch; remaining details reconstructed. Position is exploded aircraft-side placement.
EECU_Heat_Fin_10,14_EECU,1,1668.0,IM14.7.1/Fig14.7 PDF81. Controlled plan/height/pitch; remaining details reconstructed. Position is exploded aircraft-side placement.
EECU_Heat_Fin_11,14_EECU,1,1668.0,IM14.7.1/Fig14.7 PDF81. Controlled plan/height/pitch; remaining details reconstructed. Position is exploded aircraft-side placement.
EECU_Heat_Fin_12,14_EECU,1,1668.0,IM14.7.1/Fig14.7 PDF81. Controlled plan/height/pitch; remaining details reconstructed. Position is exploded aircraft-side placement.
EECU_Heat_Fin_13,14_EECU,1,1668.0,IM14.7.1/Fig14.7 PDF81. Controlled plan/height/pitch; remaining details reconstructed. Position is exploded aircraft-side placement.
EECU_Heat_Fin_14,14_EECU,1,1668.0,IM14.7.1/Fig14.7 PDF81. Controlled plan/height/pitch; remaining details reconstructed. Position is exploded aircraft-side placement.
EECU_Heat_Fin_15,14_EECU,1,1668.0,IM14.7.1/Fig14.7 PDF81. Controlled plan/height/pitch; remaining details reconstructed. Position is exploded aircraft-side placement.
EECU_Heat_Fin_16,14_EECU,1,1668.0,IM14.7.1/Fig14.7 PDF81. Controlled plan/height/pitch; remaining details reconstructed. Position is exploded aircraft-side placement.
EECU_Heat_Fin_17,14_EECU,1,1668.0,IM14.7.1/Fig14.7 PDF81. Controlled plan/height/pitch; remaining details reconstructed. Position is exploded aircraft-side placement.
EECU_Heat_Fin_18,14_EECU,1,1668.0,IM14.7.1/Fig14.7 PDF81. Controlled plan/height/pitch; remaining details reconstructed. Position is exploded aircraft-side placement.
EECU_Heat_Fin_19,14_EECU,1,1668.0,IM14.7.1/Fig14.7 PDF81. Controlled plan/height/pitch; remaining details reconstructed. Position is exploded aircraft-side placement.
EECU_Heat_Fin_20,14_EECU,1,1668.0,IM14.7.1/Fig14.7 PDF81. Controlled plan/height/pitch; remaining details reconstructed. Position is exploded aircraft-side placement.
EECU_Heat_Fin_21,14_EECU,1,1668.0,IM14.7.1/Fig14.7 PDF81. Controlled plan/height/pitch; remaining details reconstructed. Position is exploded aircraft-side placement.
EECU_Heat_Fin_22,14_EECU,1,1668.0,IM14.7.1/Fig14.7 PDF81. Controlled plan/height/pitch; remaining details reconstructed. Position is exploded aircraft-side placement.
EECU_Heat_Fin_23,14_EECU,1,1668.0,IM14.7.1/Fig14.7 PDF81. Controlled plan/height/pitch; remaining details reconstructed. Position is exploded aircraft-side placement.
EECU_Heat_Fin_24,14_EECU,1,1668.0,IM14.7.1/Fig14.7 PDF81. Controlled plan/height/pitch; remaining details reconstructed. Position is exploded aircraft-side placement.
EECU_Heat_Fin_25,14_EECU,1,1668.0,IM14.7.1/Fig14.7 PDF81. Controlled plan/height/pitch; remaining details reconstructed. Position is exploded aircraft-side placement.
EECU_Heat_Fin_26,14_EECU,1,1668.0,IM14.7.1/Fig14.7 PDF81. Controlled plan/height/pitch; remaining details reconstructed. Position is exploded aircraft-side placement.
EECU_Heat_Fin_27,14_EECU,1,1668.0,IM14.7.1/Fig14.7 PDF81. Controlled plan/height/pitch; remaining details reconstructed. Position is exploded aircraft-side placement.
EECU_Heat_Fin_28,14_EECU,1,1668.0,IM14.7.1/Fig14.7 PDF81. Controlled plan/height/pitch; remaining details reconstructed. Position is exploded aircraft-side placement.
EECU_Case_Screw_1,14_EECU,1,113.097,IM14.7.1/Fig14.7 PDF81. Controlled plan/height/pitch; remaining details reconstructed. Position is exploded aircraft-side placement.
EECU_Case_Screw_2,14_EECU,1,113.097,IM14.7.1/Fig14.7 PDF81. Controlled plan/height/pitch; remaining details reconstructed. Position is exploded aircraft-side placement.
EECU_Case_Screw_3,14_EECU,1,113.097,IM14.7.1/Fig14.7 PDF81. Controlled plan/height/pitch; remaining details reconstructed. Position is exploded aircraft-side placement.
EECU_Case_Screw_4,14_EECU,1,113.097,IM14.7.1/Fig14.7 PDF81. Controlled plan/height/pitch; remaining details reconstructed. Position is exploded aircraft-side placement.
EECU_Case_Screw_5,14_EECU,1,113.097,IM14.7.1/Fig14.7 PDF81. Controlled plan/height/pitch; remaining details reconstructed. Position is exploded aircraft-side placement.
EECU_Case_Screw_6,14_EECU,1,113.097,IM14.7.1/Fig14.7 PDF81. Controlled plan/height/pitch; remaining details reconstructed. Position is exploded aircraft-side placement.
EECU_G115_ECU_A_Flange,14_EECU,1,1967.289,IM14.7.1/Fig14.7 PDF81. Controlled plan/height/pitch; remaining details reconstructed. Position is exploded aircraft-side placement.
EECU_G115_ECU_A_Receptacle,14_EECU,1,3958.407,IM14.7.1/Fig14.7 PDF81. Controlled plan/height/pitch; remaining details reconstructed. Position is exploded aircraft-side placement. Connector labels per MM71-5; shell diameter assumed; no invented pin layout.
EECU_G115_ECU_A_Insert,14_EECU,1,3137.069,"Blank insulating insert; actual pin count, keying and pinout intentionally unspecified"
EECU_G115_ECU_A_Backshell,14_EECU,1,12214.512,IM14.7.1/Fig14.7 PDF81. Controlled plan/height/pitch; remaining details reconstructed. Position is exploded aircraft-side placement.
EECU_G121_POWER_Flange,14_EECU,1,1967.289,IM14.7.1/Fig14.7 PDF81. Controlled plan/height/pitch; remaining details reconstructed. Position is exploded aircraft-side placement.
EECU_G121_POWER_Receptacle,14_EECU,1,3958.407,IM14.7.1/Fig14.7 PDF81. Controlled plan/height/pitch; remaining details reconstructed. Position is exploded aircraft-side placement. Connector labels per MM71-5; shell diameter assumed; no invented pin layout.
EECU_G121_POWER_Insert,14_EECU,1,3137.069,"Blank insulating insert; actual pin count, keying and pinout intentionally unspecified"
EECU_G121_POWER_Backshell,14_EECU,1,12214.512,IM14.7.1/Fig14.7 PDF81. Controlled plan/height/pitch; remaining details reconstructed. Position is exploded aircraft-side placement.
EECU_G116_ECU_B_Flange,14_EECU,1,1967.289,IM14.7.1/Fig14.7 PDF81. Controlled plan/height/pitch; remaining details reconstructed. Position is exploded aircraft-side placement.
EECU_G116_ECU_B_Receptacle,14_EECU,1,3958.407,IM14.7.1/Fig14.7 PDF81. Controlled plan/height/pitch; remaining details reconstructed. Position is exploded aircraft-side placement. Connector labels per MM71-5; shell diameter assumed; no invented pin layout.
EECU_G116_ECU_B_Insert,14_EECU,1,3137.069,"Blank insulating insert; actual pin count, keying and pinout intentionally unspecified"
EECU_G116_ECU_B_Backshell,14_EECU,1,12214.512,IM14.7.1/Fig14.7 PDF81. Controlled plan/height/pitch; remaining details reconstructed. Position is exploded aircraft-side placement.
EECU_Venting_Element,14_EECU,1,706.858,"IM14.7.1/Fig14.7 PDF81. Controlled plan/height/pitch; remaining details reconstructed. Position is exploded aircraft-side placement. Vent documented; ambient measurement physically internal, not an external bolt-on pressure sensor."
EECU_A_Concept_Board,14_EECU,1,59235.2,"MM01-23/26 dual ECU architecture. Board dimensions/layout are conceptual, NOT actual PCB design."
EECU_A_Concept_Module_0,14_EECU,1,2376.0,"Functional block placeholder; not chip, memory or firmware identification"
EECU_A_Concept_Module_1,14_EECU,1,2376.0,"Functional block placeholder; not chip, memory or firmware identification"
EECU_A_Concept_Module_2,14_EECU,1,2376.0,"Functional block placeholder; not chip, memory or firmware identification"
EECU_A_Concept_Module_3,14_EECU,1,2376.0,"Functional block placeholder; not chip, memory or firmware identification"
EECU_A_Concept_Module_4,14_EECU,1,2376.0,"Functional block placeholder; not chip, memory or firmware identification"
EECU_A_Standoff_119_-10,14_EECU,1,183.72,IM14.7.1/Fig14.7 PDF81. Controlled plan/height/pitch; remaining details reconstructed. Position is exploded aircraft-side placement.
EECU_A_Standoff_119_153,14_EECU,1,183.72,IM14.7.1/Fig14.7 PDF81. Controlled plan/height/pitch; remaining details reconstructed. Position is exploded aircraft-side placement.
EECU_A_Standoff_321_-10,14_EECU,1,183.72,IM14.7.1/Fig14.7 PDF81. Controlled plan/height/pitch; remaining details reconstructed. Position is exploded aircraft-side placement.
EECU_A_Standoff_321_153,14_EECU,1,183.72,IM14.7.1/Fig14.7 PDF81. Controlled plan/height/pitch; remaining details reconstructed. Position is exploded aircraft-side placement.
EECU_B_Concept_Board,14_EECU,1,59235.2,"MM01-23/26 dual ECU architecture. Board dimensions/layout are conceptual, NOT actual PCB design."
EECU_B_Concept_Module_0,14_EECU,1,2376.0,"Functional block placeholder; not chip, memory or firmware identification"
EECU_B_Concept_Module_1,14_EECU,1,2376.0,"Functional block placeholder; not chip, memory or firmware identification"
EECU_B_Concept_Module_2,14_EECU,1,2376.0,"Functional block placeholder; not chip, memory or firmware identification"
EECU_B_Concept_Module_3,14_EECU,1,2376.0,"Functional block placeholder; not chip, memory or firmware identification"
EECU_B_Concept_Module_4,14_EECU,1,2376.0,"Functional block placeholder; not chip, memory or firmware identification"
EECU_B_Standoff_119_-10,14_EECU,1,183.72,IM14.7.1/Fig14.7 PDF81. Controlled plan/height/pitch; remaining details reconstructed. Position is exploded aircraft-side placement.
EECU_B_Standoff_119_153,14_EECU,1,183.72,IM14.7.1/Fig14.7 PDF81. Controlled plan/height/pitch; remaining details reconstructed. Position is exploded aircraft-side placement.
EECU_B_Standoff_321_-10,14_EECU,1,183.72,IM14.7.1/Fig14.7 PDF81. Controlled plan/height/pitch; remaining details reconstructed. Position is exploded aircraft-side placement.
EECU_B_Standoff_321_153,14_EECU,1,183.72,IM14.7.1/Fig14.7 PDF81. Controlled plan/height/pitch; remaining details reconstructed. Position is exploded aircraft-side placement.
Boss_PLS1,10_OEM_Sensors,1,1957.841,MM01-24/25 sensor inventory; proposed CAD location
Sensor_PLS1,10_OEM_Sensors,1,14967.357,MM01-24/25 sensor inventory; proposed CAD location
Boss_PLS2,10_OEM_Sensors,1,1957.841,MM01-24/25 sensor inventory; proposed CAD location
Sensor_PLS2,10_OEM_Sensors,1,14967.357,MM01-24/25 sensor inventory; proposed CAD location
Intercooler_Core,12_Aircraft_Integration,1,2660000.0,Reconstructed geometry; dimensions not OEM
Intercooler_Fin_1,12_Aircraft_Integration,1,24327.0,Reconstructed geometry; dimensions not OEM
Intercooler_Fin_2,12_Aircraft_Integration,1,24327.0,Reconstructed geometry; dimensions not OEM
Intercooler_Fin_3,12_Aircraft_Integration,1,24327.0,Reconstructed geometry; dimensions not OEM
Intercooler_Fin_4,12_Aircraft_Integration,1,24327.0,Reconstructed geometry; dimensions not OEM
Intercooler_Fin_5,12_Aircraft_Integration,1,24327.0,Reconstructed geometry; dimensions not OEM
Intercooler_Fin_6,12_Aircraft_Integration,1,24327.0,Reconstructed geometry; dimensions not OEM
Intercooler_Fin_7,12_Aircraft_Integration,1,24327.0,Reconstructed geometry; dimensions not OEM
Intercooler_Fin_8,12_Aircraft_Integration,1,24327.0,Reconstructed geometry; dimensions not OEM
Intercooler_Fin_9,12_Aircraft_Integration,1,24327.0,Reconstructed geometry; dimensions not OEM
Intercooler_Fin_10,12_Aircraft_Integration,1,24327.0,Reconstructed geometry; dimensions not OEM
Intercooler_Fin_11,12_Aircraft_Integration,1,24327.0,Reconstructed geometry; dimensions not OEM
Intercooler_Fin_12,12_Aircraft_Integration,1,24327.0,Reconstructed geometry; dimensions not OEM
Intercooler_Fin_13,12_Aircraft_Integration,1,24327.0,Reconstructed geometry; dimensions not OEM
Intercooler_Fin_14,12_Aircraft_Integration,1,24327.0,Reconstructed geometry; dimensions not OEM
Intercooler_Fin_15,12_Aircraft_Integration,1,24327.0,Reconstructed geometry; dimensions not OEM
Intercooler_Fin_16,12_Aircraft_Integration,1,24327.0,Reconstructed geometry; dimensions not OEM
Radiator_Concept,12_Aircraft_Integration,1,1842400.0,Reconstructed geometry; dimensions not OEM
Radiator_Fin_1,12_Aircraft_Integration,1,12600.0,Reconstructed geometry; dimensions not OEM
Radiator_Fin_2,12_Aircraft_Integration,1,12600.0,Reconstructed geometry; dimensions not OEM
Radiator_Fin_3,12_Aircraft_Integration,1,12600.0,Reconstructed geometry; dimensions not OEM
Radiator_Fin_4,12_Aircraft_Integration,1,12600.0,Reconstructed geometry; dimensions not OEM
Radiator_Fin_5,12_Aircraft_Integration,1,12600.0,Reconstructed geometry; dimensions not OEM
Radiator_Fin_6,12_Aircraft_Integration,1,12600.0,Reconstructed geometry; dimensions not OEM
Radiator_Fin_7,12_Aircraft_Integration,1,12600.0,Reconstructed geometry; dimensions not OEM
Radiator_Fin_8,12_Aircraft_Integration,1,12600.0,Reconstructed geometry; dimensions not OEM
Radiator_Fin_9,12_Aircraft_Integration,1,12600.0,Reconstructed geometry; dimensions not OEM
Radiator_Fin_10,12_Aircraft_Integration,1,12600.0,Reconstructed geometry; dimensions not OEM
Radiator_Fin_11,12_Aircraft_Integration,1,12600.0,Reconstructed geometry; dimensions not OEM
Radiator_Fin_12,12_Aircraft_Integration,1,12600.0,Reconstructed geometry; dimensions not OEM
Radiator_Fin_13,12_Aircraft_Integration,1,12600.0,Reconstructed geometry; dimensions not OEM
Radiator_Fin_14,12_Aircraft_Integration,1,12600.0,Reconstructed geometry; dimensions not OEM
Radiator_Fin_15,12_Aircraft_Integration,1,12600.0,Reconstructed geometry; dimensions not OEM
Radiator_Fin_16,12_Aircraft_Integration,1,12600.0,Reconstructed geometry; dimensions not OEM
Radiator_Fin_17,12_Aircraft_Integration,1,12600.0,Reconstructed geometry; dimensions not OEM
Radiator_Fin_18,12_Aircraft_Integration,1,12600.0,Reconstructed geometry; dimensions not OEM
Radiator_Fin_19,12_Aircraft_Integration,1,12600.0,Reconstructed geometry; dimensions not OEM
Radiator_Fin_20,12_Aircraft_Integration,1,12600.0,Reconstructed geometry; dimensions not OEM
Pump_to_Common_Rail,08_Fuel,1,13750.599,"System topology concept only; endpoints, bend radii and clearance require OEM/test-rig verification; no fluid solution"
Injector_Leakoff_Return,08_Fuel,1,18128.032,"System topology concept only; endpoints, bend radii and clearance require OEM/test-rig verification; no fluid solution"
Oil_Cooler_to_Filter,09_Fluids,1,17479.888,"System topology concept only; endpoints, bend radii and clearance require OEM/test-rig verification; no fluid solution"
Crankcase_Breather,09_Fluids,1,41923.26,"System topology concept only; endpoints, bend radii and clearance require OEM/test-rig verification; no fluid solution"
Exhaust_Collector_to_Turbine,13_Routing_Concepts,1,303480.023,"System topology concept only; endpoints, bend radii and clearance require OEM/test-rig verification; no fluid solution"
Compressor_to_Intercooler,13_Routing_Concepts,1,166910.701,"System topology concept only; endpoints, bend radii and clearance require OEM/test-rig verification; no fluid solution"
Intercooler_to_Intake,13_Routing_Concepts,1,174804.997,"System topology concept only; endpoints, bend radii and clearance require OEM/test-rig verification; no fluid solution"
Radiator_Hot_Return,13_Routing_Concepts,1,124089.287,"System topology concept only; endpoints, bend radii and clearance require OEM/test-rig verification; no fluid solution"
Radiator_Cooled_Supply,13_Routing_Concepts,1,137459.065,"System topology concept only; endpoints, bend radii and clearance require OEM/test-rig verification; no fluid solution"
External_Fuel_Supply,13_Routing_Concepts,1,9138.875,"System topology concept only; endpoints, bend radii and clearance require OEM/test-rig verification; no fluid solution"
External_Fuel_Return,13_Routing_Concepts,1,8462.86,"System topology concept only; endpoints, bend radii and clearance require OEM/test-rig verification; no fluid solution"
Water_Pump_Impeller_Concept,04_Accessories,1,9048.648,"Generic eight-vane demonstration, not AE300 hydraulically qualified impeller"
Timing_Case_Body,01_Housings,1,650620.84,R4 reference-based reconstruction; no OEM dimensioned drawing for this detail
Timing_Case_Removable_Cover,01_Housings,1,185376.851,R4 reference-based reconstruction; no OEM dimensioned drawing for this detail
Timing_Case_Gasket_Envelope,01_Housings,1,10717.212,R4 reference-based reconstruction; no OEM dimensioned drawing for this detail
Timing_Cover_Screw_0,01_Housings,1,160.85,R4 reference-based reconstruction; no OEM dimensioned drawing for this detail
Timing_Cover_Screw_1,01_Housings,1,160.85,R4 reference-based reconstruction; no OEM dimensioned drawing for this detail
Timing_Cover_Screw_2,01_Housings,1,160.85,R4 reference-based reconstruction; no OEM dimensioned drawing for this detail
Timing_Cover_Screw_3,01_Housings,1,160.85,R4 reference-based reconstruction; no OEM dimensioned drawing for this detail
Timing_Cover_Screw_4,01_Housings,1,160.85,R4 reference-based reconstruction; no OEM dimensioned drawing for this detail
Timing_Cover_Screw_5,01_Housings,1,160.85,R4 reference-based reconstruction; no OEM dimensioned drawing for this detail
Timing_Cover_Screw_6,01_Housings,1,160.85,R4 reference-based reconstruction; no OEM dimensioned drawing for this detail
Timing_Cover_Screw_7,01_Housings,1,160.85,R4 reference-based reconstruction; no OEM dimensioned drawing for this detail
Timing_Cover_Screw_8,01_Housings,1,160.85,R4 reference-based reconstruction; no OEM dimensioned drawing for this detail
Block_Cast_Rib_245_-85,01_Housings,1,9648.0,R4 reference-based reconstruction; no OEM dimensioned drawing for this detail
Block_Cast_Rib_245_85,01_Housings,1,9648.0,R4 reference-based reconstruction; no OEM dimensioned drawing for this detail
Block_Cast_Rib_305_-85,01_Housings,1,9648.0,R4 reference-based reconstruction; no OEM dimensioned drawing for this detail
Block_Cast_Rib_305_85,01_Housings,1,9648.0,R4 reference-based reconstruction; no OEM dimensioned drawing for this detail
Block_Cast_Rib_395_-85,01_Housings,1,9648.0,R4 reference-based reconstruction; no OEM dimensioned drawing for this detail
Block_Cast_Rib_395_85,01_Housings,1,9648.0,R4 reference-based reconstruction; no OEM dimensioned drawing for this detail
Block_Cast_Rib_485_-85,01_Housings,1,9648.0,R4 reference-based reconstruction; no OEM dimensioned drawing for this detail
Block_Cast_Rib_485_85,01_Housings,1,9648.0,R4 reference-based reconstruction; no OEM dimensioned drawing for this detail
Block_Cast_Rib_575_-85,01_Housings,1,9648.0,R4 reference-based reconstruction; no OEM dimensioned drawing for this detail
Block_Cast_Rib_575_85,01_Housings,1,9648.0,R4 reference-based reconstruction; no OEM dimensioned drawing for this detail
Block_Long_Rib_-87_75,01_Housings,1,19600.0,R4 reference-based reconstruction; no OEM dimensioned drawing for this detail
Block_Long_Rib_87_75,01_Housings,1,19600.0,R4 reference-based reconstruction; no OEM dimensioned drawing for this detail
Block_Long_Rib_-87_155,01_Housings,1,19600.0,R4 reference-based reconstruction; no OEM dimensioned drawing for this detail
Block_Long_Rib_87_155,01_Housings,1,19600.0,R4 reference-based reconstruction; no OEM dimensioned drawing for this detail
Oil_Filler_Neck,09_Fluids,1,12095.132,R4 reference-based reconstruction; no OEM dimensioned drawing for this detail
Oil_Filler_Cap,09_Fluids,1,11388.915,R4 reference-based reconstruction; no OEM dimensioned drawing for this detail
Sump_Drain_Plug,09_Fluids,1,1473.109,R4 reference-based reconstruction; no OEM dimensioned drawing for this detail
Dipstick_Tube,09_Fluids,1,13825.381,R4 reference-based reconstruction; no OEM dimensioned drawing for this detail
Dipstick_Pull_Loop,09_Fluids,1,1776.529,R4 reference-based reconstruction; no OEM dimensioned drawing for this detail
Oil_Separator,09_Fluids,1,158458.088,MM79-10/PDF176 oil separator architecture; under-cover placement and proportions reconstructed
Oil_Separator_Bypass,09_Fluids,1,3619.115,MM79-9/10; valve internals not known
Oil_Separator_Return,09_Fluids,1,12964.214,R4 reference-based reconstruction; no OEM dimensioned drawing for this detail
Glow_Plug_Control_Box,15_Engine_Electrics,1,86464.194,"MM76-3/PDF159 Fig76-1; four-mount box and connector, dimensions assumed"
GPC_Baseplate,15_Engine_Electrics,1,25680.0,R4 reference-based reconstruction; no OEM dimensioned drawing for this detail
GPC_Electrical_Connector,15_Engine_Electrics,1,10260.0,R4 reference-based reconstruction; no OEM dimensioned drawing for this detail
GPC_Fastener_283_-148,15_Engine_Electrics,1,141.372,R4 reference-based reconstruction; no OEM dimensioned drawing for this detail
GPC_Fastener_283_-86,15_Engine_Electrics,1,141.372,R4 reference-based reconstruction; no OEM dimensioned drawing for this detail
GPC_Fastener_367_-148,15_Engine_Electrics,1,141.372,R4 reference-based reconstruction; no OEM dimensioned drawing for this detail
GPC_Fastener_367_-86,15_Engine_Electrics,1,141.372,R4 reference-based reconstruction; no OEM dimensioned drawing for this detail
Boost_Pressure_Actuator_BPA,15_Engine_Electrics,1,57553.177,"MM81-3/4, later manifold-fed BPA arrangement chosen; this is not the wastegate diaphragm"
BPA_Hose_Port_0,15_Engine_Electrics,1,653.451,R4 reference-based reconstruction; no OEM dimensioned drawing for this detail
BPA_Hose_Port_1,15_Engine_Electrics,1,653.451,R4 reference-based reconstruction; no OEM dimensioned drawing for this detail
BPA_Manifold_Reference_Hose,15_Engine_Electrics,1,4280.901,MM81-4 topology only; hose route reconstructed
BPA_Wastegate_Hose,15_Engine_Electrics,1,4604.517,R4 reference-based reconstruction; no OEM dimensioned drawing for this detail
Alternator_External_Regulator,17_Aircraft_Electrics,1,217140.0,MM01-23/PDF45 external regulator documented; envelope and placement assumed
Regulator_Fin_0,17_Aircraft_Electrics,1,1218.0,R4 reference-based reconstruction; no OEM dimensioned drawing for this detail
Regulator_Fin_1,17_Aircraft_Electrics,1,1218.0,R4 reference-based reconstruction; no OEM dimensioned drawing for this detail
Regulator_Fin_2,17_Aircraft_Electrics,1,1218.0,R4 reference-based reconstruction; no OEM dimensioned drawing for this detail
Regulator_Fin_3,17_Aircraft_Electrics,1,1218.0,R4 reference-based reconstruction; no OEM dimensioned drawing for this detail
Regulator_Fin_4,17_Aircraft_Electrics,1,1218.0,R4 reference-based reconstruction; no OEM dimensioned drawing for this detail
Regulator_Fin_5,17_Aircraft_Electrics,1,1218.0,R4 reference-based reconstruction; no OEM dimensioned drawing for this detail
Regulator_Fin_6,17_Aircraft_Electrics,1,1218.0,R4 reference-based reconstruction; no OEM dimensioned drawing for this detail
Regulator_Fin_7,17_Aircraft_Electrics,1,1218.0,R4 reference-based reconstruction; no OEM dimensioned drawing for this detail
SIH_DAQ_Concept,17_Aircraft_Electrics,1,226980.0,Proposed extra-sensor acquisition enclosure; not an AE300 engine component
Aircraft_Fuel_Pump_A,17_Aircraft_Electrics,1,88460.966,"MM01-24 supply pumps A/B architecture; airframe-supplied, generic geometry"
Aircraft_Fuel_Pump_B,17_Aircraft_Electrics,1,88460.966,"MM01-24 supply pumps A/B architecture; airframe-supplied, generic geometry"
Harness_Backbone_A,16_Engine_Harness,1,21111.503,"MM71-4/5 OEM harness topology; SIH loom additional; routes, diameters and separation conceptual"
Harness_Backbone_B,16_Engine_Harness,1,21111.503,"MM71-4/5 OEM harness topology; SIH loom additional; routes, diameters and separation conceptual"
Harness_Backbone_Shared,16_Engine_Harness,1,32986.723,"MM71-4/5 OEM harness topology; SIH loom additional; routes, diameters and separation conceptual"
Harness_Backbone_SIH_DAQ,16_Engine_Harness,1,21111.503,"MM71-4/5 OEM harness topology; SIH loom additional; routes, diameters and separation conceptual"
Harness_Branch_BPS1,16_Engine_Harness,1,1645.306,Concept route only; SIH branch is not an OEM ECU input or certified harness
Harness_Branch_IAT1,16_Engine_Harness,1,1645.306,Concept route only; SIH branch is not an OEM ECU input or certified harness
Harness_Branch_CRS1,16_Engine_Harness,1,6153.933,Concept route only; SIH branch is not an OEM ECU input or certified harness
Harness_Branch_CAS1,16_Engine_Harness,1,1940.313,Concept route only; SIH branch is not an OEM ECU input or certified harness
Harness_Branch_BPS2,16_Engine_Harness,1,1664.149,Concept route only; SIH branch is not an OEM ECU input or certified harness
Harness_Branch_IAT2,16_Engine_Harness,1,1664.149,Concept route only; SIH branch is not an OEM ECU input or certified harness
Harness_Branch_CRS2,16_Engine_Harness,1,6472.813,Concept route only; SIH branch is not an OEM ECU input or certified harness
Harness_Branch_CAS2,16_Engine_Harness,1,3164.414,Concept route only; SIH branch is not an OEM ECU input or certified harness
Harness_Branch_RPS,16_Engine_Harness,1,1603.512,Concept route only; SIH branch is not an OEM ECU input or certified harness
Harness_Branch_FPS,16_Engine_Harness,1,5927.539,Concept route only; SIH branch is not an OEM ECU input or certified harness
Harness_Branch_FTS,16_Engine_Harness,1,5934.467,Concept route only; SIH branch is not an OEM ECU input or certified harness
Harness_Branch_CTS,16_Engine_Harness,1,3997.081,Concept route only; SIH branch is not an OEM ECU input or certified harness
Harness_Branch_OPS,16_Engine_Harness,1,6603.484,Concept route only; SIH branch is not an OEM ECU input or certified harness
Harness_Branch_MOK,16_Engine_Harness,1,8711.119,Concept route only; SIH branch is not an OEM ECU input or certified harness
Harness_Branch_GBTS,16_Engine_Harness,1,7366.76,Concept route only; SIH branch is not an OEM ECU input or certified harness
Harness_Branch_EGT_C1,16_Engine_Harness,1,5371.749,Concept route only; SIH branch is not an OEM ECU input or certified harness
Harness_Branch_CHT_C1,16_Engine_Harness,1,4449.559,Concept route only; SIH branch is not an OEM ECU input or certified harness
Harness_Branch_EGT_C2,16_Engine_Harness,1,5371.749,Concept route only; SIH branch is not an OEM ECU input or certified harness
Harness_Branch_CHT_C2,16_Engine_Harness,1,4449.559,Concept route only; SIH branch is not an OEM ECU input or certified harness
Harness_Branch_EGT_C3,16_Engine_Harness,1,5371.749,Concept route only; SIH branch is not an OEM ECU input or certified harness
Harness_Branch_CHT_C3,16_Engine_Harness,1,4449.559,Concept route only; SIH branch is not an OEM ECU input or certified harness
Harness_Branch_EGT_C4,16_Engine_Harness,1,5371.749,Concept route only; SIH branch is not an OEM ECU input or certified harness
Harness_Branch_CHT_C4,16_Engine_Harness,1,4449.559,Concept route only; SIH branch is not an OEM ECU input or certified harness
Harness_Branch_VIB_Block,16_Engine_Harness,1,5506.698,Concept route only; SIH branch is not an OEM ECU input or certified harness
Harness_Branch_VIB_Gearbox,16_Engine_Harness,1,7010.955,Concept route only; SIH branch is not an OEM ECU input or certified harness
Harness_Branch_FuelFlow,16_Engine_Harness,1,5963.08,Concept route only; SIH branch is not an OEM ECU input or certified harness
Harness_Branch_Alternator_Current,16_Engine_Harness,1,8749.474,Concept route only; SIH branch is not an OEM ECU input or certified harness
Harness_Branch_CTS_GPC,16_Engine_Harness,1,6739.206,Concept route only; SIH branch is not an OEM ECU input or certified harness
Harness_Clamp_0,16_Engine_Harness,1,1005.31,R4 reference-based reconstruction; no OEM dimensioned drawing for this detail
Harness_Clamp_1,16_Engine_Harness,1,1005.31,R4 reference-based reconstruction; no OEM dimensioned drawing for this detail
Harness_Clamp_2,16_Engine_Harness,1,1005.31,R4 reference-based reconstruction; no OEM dimensioned drawing for this detail
Harness_Clamp_3,16_Engine_Harness,1,1005.31,R4 reference-based reconstruction; no OEM dimensioned drawing for this detail
Harness_Clamp_4,16_Engine_Harness,1,1005.31,R4 reference-based reconstruction; no OEM dimensioned drawing for this detail
Harness_Actuator_GPC,16_Engine_Harness,1,8104.203,"MM71-5 named actuator connection; unvalidated route, pinout unspecified"
Harness_Actuator_BPA,16_Engine_Harness,1,3122.719,"MM71-5 named actuator connection; unvalidated route, pinout unspecified"
Harness_Actuator_FMU,16_Engine_Harness,1,7288.181,"MM71-5 named actuator connection; unvalidated route, pinout unspecified"
Harness_Actuator_PCV,16_Engine_Harness,1,1866.639,"MM71-5 named actuator connection; unvalidated route, pinout unspecified"
Harness_Actuator_GOV,16_Engine_Harness,1,11084.566,"MM71-5 named actuator connection; unvalidated route, pinout unspecified"
Harness_INJ_1,16_Engine_Harness,1,2584.563,R4 reference-based reconstruction; no OEM dimensioned drawing for this detail
Harness_GP_1,16_Engine_Harness,1,4750.779,R4 reference-based reconstruction; no OEM dimensioned drawing for this detail
Harness_INJ_2,16_Engine_Harness,1,2584.563,R4 reference-based reconstruction; no OEM dimensioned drawing for this detail
Harness_GP_2,16_Engine_Harness,1,4750.779,R4 reference-based reconstruction; no OEM dimensioned drawing for this detail
Harness_INJ_3,16_Engine_Harness,1,2584.563,R4 reference-based reconstruction; no OEM dimensioned drawing for this detail
Harness_GP_3,16_Engine_Harness,1,5158.407,R4 reference-based reconstruction; no OEM dimensioned drawing for this detail
Harness_INJ_4,16_Engine_Harness,1,2584.563,R4 reference-based reconstruction; no OEM dimensioned drawing for this detail
Harness_GP_4,16_Engine_Harness,1,5883.265,R4 reference-based reconstruction; no OEM dimensioned drawing for this detail
Airframe_Harness_to_ECU_A,17_Aircraft_Electrics,1,99053.452,External loom concept. EECU belongs outside engine fire zone; not an installation-ready layout
Airframe_Harness_to_ECU_Power,17_Aircraft_Electrics,1,54666.287,External loom concept. EECU belongs outside engine fire zone; not an installation-ready layout
Airframe_Harness_to_ECU_B,17_Aircraft_Electrics,1,123439.741,External loom concept. EECU belongs outside engine fire zone; not an installation-ready layout
Airframe_Harness_to_SIH_DAQ,17_Aircraft_Electrics,1,66199.645,Separate acquisition network for added SIH sensors; NOT connected to OEM ECU inputs
Generator_to_Regulator_Loom,17_Aircraft_Electrics,1,32775.663,"Alternator/external regulator topology, routing only; conductor gauge and pinout not specified"
Power_Lever_Loom_1,17_Aircraft_Electrics,1,7962.893,PLS channel association only; wire count and pinout unspecified
Power_Lever_Loom_2,17_Aircraft_Electrics,1,4610.825,PLS channel association only; wire count and pinout unspecified
